,MAE,WAPE,sMAPE
SeasonalNaive,1.6539166666666663,0.1600926015551898,17.12797795019993
Ridge,3.3806679329810443,0.3272353047121328,34.41980512464018
